CountyFIPS,1FTA_UZA_Code,1FTA_UZA_Desc,2FTA_UZA_Code,2FTA_UZA_Desc,3FTA_UZA_Code,3FTA_UZA_Desc,4FTA_UZA_Code,4FTA_UZA_Desc
01001,142,"Montgomery, AL",,,,,,
01003,113,"Pensacola, FL-AL",458,"Daphne-Fairhope, AL",,,,
01009,55,"Birmingham, AL",,,,,,
01015,360,"Anniston-Oxford, AL",,,,,,
01033,368,"Florence, AL",,,,,,
01049,426,"Gadsden, AL",,,,,,
01051,142,"Montgomery, AL",,,,,,
01057,402,"Dothan, AL",,,,,,
01073,55,"Birmingham, AL",,,,,,
01079,392,"Decatur, AL",,,,,,
01081,374,"Auburn, AL",,,,,,
01089,132,"Huntsville, AL",,,,,,
01097,115,"Mobile, AL",,,,,,
01101,142,"Montgomery, AL",,,,,,
01103,392,"Decatur, AL",,,,,,
01113,147,"Columbus, GA-AL",,,,,,
01115,55,"Birmingham, AL",,,,,,
01117,55,"Birmingham, AL",,,,,,
01121,360,"Anniston-Oxford, AL",,,,,,
01125,233,"Tuscaloosa, AL",,,,,,
02020,149,"Anchorage, AK",,,,,,
02090,425,"Fairbanks, AK",,,,,,
04003,480,"Sierra Vista, AZ",,,,,,
04005,384,"Flagstaff, AZ",,,,,,
04013,12,"Phoenix-Mesa, AZ",,,,,,
04015,476,"Lake Havasu City, AZ",,,,,,
04019,52,"Tucson, AZ",,,,,,
05007,129,"Fayetteville-Springdale-Rogers, AR-MO",,,,,,
05031,420,"Jonesboro, AR",,,,,,
05033,257,"Fort Smith, AR-OK",,,,,,
05035,41,"Memphis, TN-MS-AR",,,,,,
05051,466,"Hot Springs, AR",,,,,,
05059,466,"Hot Springs, AR",,,,,,
05069,475,"Pine Bluff, AR",,,,,,
05095,365,"Texarkana-Texarkana, TX-AR",,,,,,
05119,88,"Little Rock, AR",,,,,,
05131,257,"Fort Smith, AR-OK",,,,,,
05143,129,"Fayetteville-Springdale-Rogers, AR-MO",,,,,,
06001,66,"Concord, CA",,,,,,
06007,306,"Chico, CA",,,,,,
06013,137,"Antioch, CA",,,,,,
06017,601,"Lake Tahoe, CA-NV",,,,,,
06019,63,"Fresno, CA",,,,,,
06025,289,"El Centro-Calexico, CA",,,,,,
06029,471,"Delano, CA",79,"Bakersfield, CA",,,,
06031,333,"Hanford, CA",,,,,,
06037,146,"Santa Clarita, CA",112,"Lancaster-Palmdale, CA",,,,
06041,13,"San Francisco-Oakland, CA",,,,,,
06047,235,"Merced, CA",362,"Madera, CA",,,,
06053,276,"Seaside-Monterey, CA",188,"Salinas, CA",,,,
06055,342,"Napa, CA",,,,,,
06059,69,"Mission Viejo-Lake Forest-San Clemente, CA",2,"Los Angeles-Long Beach-Anaheim, CA",,,,
06065,111,"Indio-Cathedral City, CA",22,"Riverside-San Bernardino, CA",,,,
06071,22,"Riverside-San Bernardino, CA",,,,,,
06073,15,"San Diego, CA",,,,,,
06075,13,"San Francisco-Oakland, CA",,,,,,
06077,334,"Tracy, CA",403,"Lodi, CA",345,"Manteca, CA",102,"Stockton, CA"
06079,423,"El Paso de Robles (Paso Robles)-Atascadero, CA",447,"San Luis Obispo, CA",,,,
6081,13,"San Francisco-Oakland, CA",29,"San Jose, CA",,,,
06083,246,"Santa Maria, CA",485,"Lompoc, CA",184,"Santa Barbara, CA",,
06085,29,"San Jose, CA",,,,,,
06087,204,"Santa Cruz, CA",,,,,,
06091,94,"Reno, NV-CA",,,,,,
06095,382,"Davis, CA",240,"Fairfield, CA",,,,
06097,123,"Santa Rosa, CA",428,"Petaluma, CA",,,,
06099,300,"Turlock, CA",105,"Modesto, CA",,,,
06107,394,"Porterville, CA",,,,,,
06111,103,"Oxnard, CA",386,"Camarillo, CA",254,"Simi Valley, CA",168,"Thousand Oaks, CA"
06113,382,"Davis, CA",,,,,,
06115,267,"Redding, CA",28,"Sacramento, CA",,,,
08001,18,"Denver-Aurora, CO",,,,,,
08005,18,"Denver-Aurora, CO",,,,,,
08013,274,"Boulder, CO",,,,,,
08014,18,"Denver-Aurora, CO",,,,,,
08031,18,"Denver-Aurora, CO",,,,,,
08035,73,"Colorado Springs, CO",,,,,,
08059,18,"Denver-Aurora, CO",,,,,,
08077,251,"Grand Junction, CO",,,,,,
08101,236,"Pueblo, CO",,,,,,
08121,141,"Fort Collins, CO",,,,,,
08123,18,"Denver-Aurora, CO",264,"Greeley, CO",,,,
09001,48,"Bridgeport-Stamford, CT-NY",201,"Danbury, CT-NY",209,"Norwalk, CT",,
09003,47,"Hartford, CT",,,,,,
09005,48,"Bridgeport-Stamford, CT-NY",,,,,,
09009,48,"Bridgeport-Stamford, CT-NY",72,"New Haven, CT",,,,
09011,174,"Norwich-New London, CT-RI",,,,,,
10001,280,"Dover, DE",,,,,,
10003,280,"Dover, DE",,,,,,
11001,8,"Washington, DC-VA-MD",,,,,,
12001,187,"Gainesville, FL",,,,,,
12005,229,"Panama City, FL",,,,,,
12009,84,"Palm Bay-Melbourne, FL",,,,,,
12011,4,"Miami, FL",,,,,,
12019,40,"Jacksonville, FL",,,,,,
12021,121,"Bonita Springs, FL",,,,,,
12031,40,"Jacksonville, FL",,,,,,
12033,113,"Pensacola, FL-AL",,,,,,
12035,109,"Palm Coast-Daytona Beach-Port Orange, FL",,,,,,
12057,143,"Lakeland, FL",221,"Spring Hill, FL",,,,
12069,244,"Leesburg-Eustis-Tavares, FL",,,,,,
12071,121,"Bonita Springs, FL",78,"Cape Coral, FL",,,,
12073,153,"Tallahassee, FL",,,,,,
12081,64,"Sarasota-Bradenton, FL",,,,,,
12083,355,"Homosassa Springs-Beverly Hills-Citrus Springs, FL",,,,,,
12086,4,"Miami, FL",,,,,,
12087,211,"Ocala, FL",,,,,,
12095,220,"Sebastian-Vero Beach South-Florida Ridge, FL",,,,,,
12103,17,"Tampa-St. Petersburg, FL",,,,,,
12109,40,"Jacksonville, FL",399,"St. Augustine, FL",,,,
12111,101,"Port St. Lucie, FL",,,,,,
12113,186,"Fort Walton Beach-Navarre-Wright, FL",,,,,,
12115,199,"North Port-Port Charlotte, FL",,,,,,
12117,32,"Orlando, FL",,,,,,
13013,9,"Atlanta, GA",,,,,,
13015,9,"Atlanta, GA",,,,,,
13021,234,"Macon, GA",,,,,,
13045,9,"Atlanta, GA",,,,,,
13047,100,"Chattanooga, TN-GA",,,,,,
13051,144,"Savannah, GA",,,,,,
13053,147,"Columbus, GA-AL",,,,,,
13057,9,"Atlanta, GA",,,,,,
13059,249,"Athens-Clarke County, GA",,,,,,
13063,9,"Atlanta, GA",,,,,,
13067,9,"Atlanta, GA",,,,,,
13073,98,"Augusta-Richmond County, GA-SC",,,,,,
13077,9,"Atlanta, GA",,,,,,
13083,100,"Chattanooga, TN-GA",,,,,,
13085,9,"Atlanta, GA",,,,,,
13089,9,"Atlanta, GA",,,,,,
13095,309,"Albany, GA",,,,,,
13097,9,"Atlanta, GA",,,,,,
13113,9,"Atlanta, GA",,,,,,
13115,444,"Rome, GA",,,,,,
13117,9,"Atlanta, GA",,,,,,
13121,9,"Atlanta, GA",,,,,,
13135,9,"Atlanta, GA",245,"Gainesville, GA",,,,
13139,9,"Atlanta, GA",,,,,,
13145,147,"Columbus, GA-AL",,,,,,
13151,9,"Atlanta, GA",,,,,,
13157,249,"Athens-Clarke County, GA",,,,,,
13177,309,"Albany, GA",,,,,,
13179,486,"Hinesville, GA",,,,,,
13183,486,"Hinesville, GA",,,,,,
13195,249,"Athens-Clarke County, GA",,,,,,
13215,147,"Columbus, GA-AL",,,,,,
13217,9,"Atlanta, GA",,,,,,
13219,249,"Athens-Clarke County, GA",,,,,,
13221,249,"Athens-Clarke County, GA",,,,,,
13223,9,"Atlanta, GA",,,,,,
13231,9,"Atlanta, GA",,,,,,
13245,98,"Augusta-Richmond County, GA-SC",,,,,,
13247,9,"Atlanta, GA",,,,,,
13255,9,"Atlanta, GA",,,,,,
13295,100,"Chattanooga, TN-GA",,,,,,
13297,9,"Atlanta, GA",,,,,,
15009,463,"Kahului, HI",,,,,,
16001,108,"Boise City, ID",,,,,,
16005,395,"Pocatello, ID",,,,,,
16011,216,"Nampa, ID",,,,,,
16019,321,"Idaho Falls, ID",,,,,,
16055,304,"Coeur d'Alene, ID",,,,,,
16069,483,"Lewiston, ID-WA",,,,,,
17007,127,"Rockford, IL",,,,,,
17019,224,"Champaign, IL",,,,,,
17031,3,"Chicago, IL-IN",,,,,,
17037,3,"Chicago, IL-IN",,,,,,
17043,3,"Chicago, IL-IN",404,"DeKalb, IL",,,,
17073,134,"Davenport, IA-IL",,,,,,
17077,408,"Carbondale, IL",,,,,,
17085,409,"Dubuque, IA-IL",,,,,,
17089,3,"Chicago, IL-IN",,,,,,
17091,350,"Kankakee, IL",,,,,,
17093,3,"Chicago, IL-IN",,,,,,
17097,3,"Chicago, IL-IN",,,,,,
17111,3,"Chicago, IL-IN",,,,,,
17113,243,"Bloomington-Normal, IL",,,,,,
17115,313,"Decatur, IL",,,,,,
17143,139,"Peoria, IL",,,,,,
17161,134,"Davenport, IA-IL",,,,,,
17163,20,"St. Louis, MO-IL",,,,,,
17167,206,"Springfield, IL",,,,,,
17183,492,"Danville, IL-IN",,,,,,
17199,408,"Carbondale, IL",,,,,,
17201,432,"Beloit, WI-IL",,,,,,
18003,119,"Fort Wayne, IN",,,,,,
18005,467,"Columbus, IN",,,,,,
18011,33,"Indianapolis, IN",,,,,,
18029,30,"Cincinnati, OH-KY-IN",,,,,,
18035,330,"Anderson, IN",,,,,,
18039,227,"Elkhart, IN-MI",,,,,,
18043,43,"Louisville/Jefferson County, KY-IN",,,,,,
18057,33,"Indianapolis, IN",,,,,,
18059,33,"Indianapolis, IN",,,,,,
18061,437,"Kokomo, IN",,,,,,
18063,33,"Indianapolis, IN",,,,,,
18081,467,"Columbus, IN",,,,,,
18089,3,"Chicago, IL-IN",,,,,,
18091,418,"Michigan City-La Porte, IN-MI",,,,,,
18095,330,"Anderson, IN",,,,,,
18097,33,"Indianapolis, IN",,,,,,
18105,286,"Bloomington, IN",,,,,,
18109,33,"Indianapolis, IN",,,,,,
18127,3,"Chicago, IL-IN",,,,,,
18129,159,"Evansville, IN-KY",,,,,,
18135,322,"Muncie, IN",,,,,,
18145,467,"Columbus, IN",,,,,,
18147,136,"South Bend, IN-MI",,,,,,
18157,223,"Lafayette, IN",,,,,,
18163,159,"Evansville, IN-KY",,,,,,
18167,316,"Terre Haute, IN",,,,,,
19013,278,"Waterloo, IA",,,,,,
19015,445,"Ames, IA",,,,,,
19061,409,"Dubuque, IA-IL",,,,,,
19103,290,"Iowa City, IA",,,,,,
19113,193,"Cedar Rapids, IA",,,,,,
19153,85,"Des Moines, IA",,,,,,
19163,134,"Davenport, IA-IL",,,,,,
19169,445,"Ames, IA",,,,,,
19193,292,"Sioux City, IA-NE-SD",,,,,,
20035,332,"Lawrence, KS",,,,,,
20043,354,"St. Joseph, MO-KS",,,,,,
20077,217,"Topeka, KS",,,,,,
20149,469,"Manhattan, KS",,,,,,
20173,83,"Wichita, KS",,,,,,
20209,31,"Kansas City, MO-KS",,,,,,
21015,30,"Cincinnati, OH-KY-IN",,,,,,
21019,178,"Huntington, WV-KY-OH",,,,,,
21029,43,"Louisville/Jefferson County, KY-IN",,,,,,
21037,30,"Cincinnati, OH-KY-IN",,,,,,
21047,208,"Clarksville, TN-KY",,,,,,
21059,391,"Owensboro, KY",,,,,,
21067,131,"Lexington-Fayette, KY",,,,,,
21089,178,"Huntington, WV-KY-OH",,,,,,
21093,379,"Elizabethtown-Radcliff, KY",,,,,,
21101,159,"Evansville, IN-KY",,,,,,
21111,43,"Louisville/Jefferson County, KY-IN",,,,,,
21113,131,"Lexington-Fayette, KY",,,,,,
21117,30,"Cincinnati, OH-KY-IN",,,,,,
21163,379,"Elizabethtown-Radcliff, KY",,,,,,
21185,43,"Louisville/Jefferson County, KY-IN",,,,,,
21211,43,"Louisville/Jefferson County, KY-IN",,,,,,
21227,364,"Bowling Green, KY",,,,,,
22005,68,"Baton Rouge, LA",,,,,,
22017,126,"Shreveport, LA",,,,,,
22033,68,"Baton Rouge, LA",,,,,,
22035,228,"Lake Charles, LA",,,,,,
22043,346,"Alexandria, LA",,,,,,
22047,68,"Baton Rouge, LA",,,,,,
22051,410,"Hammond, LA",,,,,,
22053,272,"Monroe, LA",,,,,,
22055,148,"Lafayette, LA",,,,,,
22063,68,"Baton Rouge, LA",,,,,,
22071,49,"New Orleans, LA",,,,,,
22079,346,"Alexandria, LA",,,,,,
22087,49,"New Orleans, LA",,,,,,
22089,49,"New Orleans, LA",318,"Slidell, LA",,,,
22109,226,"Houma, LA",,,,,,
22121,68,"Baton Rouge, LA",,,,,,
23001,446,"Lewiston, ME",,,,,,
23005,177,"Portland, ME",,,,,,
23019,441,"Bangor, ME",,,,,,
23027,329,"Portsmouth, NH-ME",,,,,,
23031,331,"Dover-Rochester, NH-ME",,,,,,
24001,484,"Cumberland, MD-WV-PA",,,,,,
24003,19,"Baltimore, MD",,,,,,
24005,169,"Aberdeen-Bel Air South-Bel Air North, MD",,,,,,
24013,19,"Baltimore, MD",,,,,,
24015,169,"Aberdeen-Bel Air South-Bel Air North, MD",,,,,,
24021,230,"Frederick, MD",,,,,,
24025,169,"Aberdeen-Bel Air South-Bel Air North, MD",,,,,,
24027,19,"Baltimore, MD",,,,,,
24031,19,"Baltimore, MD",,,,,,
24033,19,"Baltimore, MD",,,,,,
24035,19,"Baltimore, MD",,,,,,
24043,189,"Hagerstown, MD-WV-PA",,,,,,
24045,307,"Salisbury, MD-DE",,,,,,
24047,451,"Lexington Park-California-Chesapeake Ranch Estates, MD",,,,,,
24510,19,"Baltimore, MD",,,,,,
25001,152,"Barnstable Town, MA",,,,,,
25003,448,"Pittsfield, MA",,,,,,
25005,10,"Boston, MA-NH-RI",219,"New Bedford, MA",,,,
25009,10,"Boston, MA-NH-RI",,,,,,
25013,65,"Springfield, MA-CT",,,,,,
25017,10,"Boston, MA-NH-RI",160,"Nashua, NH-MA",,,,
25021,10,"Boston, MA-NH-RI",,,,,,
25023,152,"Barnstable Town, MA",,,,,,
25025,10,"Boston, MA-NH-RI",,,,,,
25027,269,"Leominster-Fitchburg, MA",,,,,,
26017,390,"Bay City, MI",,,,,,
26021,443,"Benton Harbor-St. Joseph-Fair Plain, MI",136,"South Bend, IN-MI",,,,
26037,118,"Lansing, MI",,,,,,
26049,106,"Flint, MI",,,,,,
26075,324,"Jackson, MI",,,,,,
26077,363,"Battle Creek, MI",,,,,,
26093,11,"Detroit, MI",,,,,,
26099,11,"Detroit, MI",,,,,,
26111,450,"Midland, MI",,,,,,
26115,11,"Detroit, MI",490,"Monroe, MI",80,"Toledo, OH-MI",,
26121,207,"Muskegon, MI",,,,,,
26125,11,"Detroit, MI",262,"South Lyon-Howell, MI",,,,
26139,299,"Holland, MI",,,,,,
26147,11,"Detroit, MI",253,"Saginaw, MI",,,,
26151,336,"Port Huron, MI",,,,,,
26159,173,"Kalamazoo, MI",,,,,,
26161,125,"Ann Arbor, MI",,,,,,
26163,125,"Ann Arbor, MI",,,,,,
27003,16,"Minneapolis-St. Paul, MN-WI",,,,,,
27009,281,"St. Cloud, MN",,,,,,
27019,16,"Minneapolis-St. Paul, MN-WI",,,,,,
27027,194,"Fargo, ND-MN",,,,,,
27053,16,"Minneapolis-St. Paul, MN-WI",,,,,,
27061,70,"Grand Rapids, MI",,,,,,
27095,288,"Rochester, MN",,,,,,
27103,456,"Mankato, MN",,,,,,
27123,16,"Minneapolis-St. Paul, MN-WI",,,,,,
28033,41,"Memphis, TN-MS-AR",,,,,,
28035,357,"Hattiesburg, MS",,,,,,
28047,175,"Gulfport, MS",,,,,,
28049,107,"Jackson, MS",,,,,,
28073,357,"Hattiesburg, MS",,,,,,
28121,107,"Jackson, MS",,,,,,
29003,354,"St. Joseph, MO-KS",,,,,,
29019,255,"Columbia, MO",,,,,,
29031,478,"Cape Girardeau, MO-IL",,,,,,
29043,138,"Springfield, MO",,,,,,
29051,452,"Jefferson City, MO",,,,,,
29119,129,"Fayetteville-Springdale-Rogers, AR-MO",,,,,,
29145,347,"Joplin, MO",,,,,,
29165,31,"Kansas City, MO-KS",,,,,,
29189,20,"St. Louis, MO-IL",,,,,,
29510,20,"St. Louis, MO-IL",,,,,,
30013,422,"Great Falls, MT",,,,,,
30089,348,"Missoula, MT",,,,,,
30111,273,"Billings, MT",,,,,,
31043,292,"Sioux City, IA-NE-SD",,,,,,
31055,58,"Omaha, NE-IA",,,,,,
31079,496,"Grand Island, NE",,,,,,
31109,145,"Lincoln, NE",,,,,,
31153,58,"Omaha, NE-IA",,,,,,
32003,23,"Las Vegas-Henderson, NV",,,,,,
32005,454,"Carson City, NV",601,"Lake Tahoe, CA-NV",,,,
32019,454,"Carson City, NV",,,,,,
32510,454,"Carson City, NV",,,,,,
33011,10,"Boston, MA-NH-RI",209,"Manchester, NH",160,"Nashua, NH-MA",,
33015,10,"Boston, MA-NH-RI",329,"Portsmouth, NH-ME",,,,
33017,331,"Dover-Rochester, NH-ME",,,,,,
34001,150,"Atlantic City, NJ",,,,,,
34003,1,"New York-Newark, NY-NJ-CT",,,,,,
34009,150,"Atlantic City, NJ",,,,,,
34013,1,"New York-Newark, NY-NJ-CT",,,,,,
34015,5,"Philadelphia, PA-NJ-DE-MD",,,,,,
34017,1,"New York-Newark, NY-NJ-CT",,,,,,
34019,61,"Allentown, PA-NJ",,,,,,
34021,1,"New York-Newark, NY-NJ-CT",128,"Trenton, NJ",429,"Twin Rivers-Hightstown, NJ",,
34023,1,"New York-Newark, NY-NJ-CT",,,,,,
34033,5,"Philadelphia, PA-NJ-DE-MD",,,,,,
34035,1,"New York-Newark, NY-NJ-CT",,,,,,
34037,472,"East Stroudsburg, PA-NJ",,,,,,
34039,1,"New York-Newark, NY-NJ-CT",,,,,,
34041,61,"Allentown, PA-NJ",,,,,,
35001,56,"Albuquerque, NM",,,,,,
35013,250,"Las Cruces, NM",,,,,,
35043,56,"Albuquerque, NM",,,,,,
35045,477,"Farmington, NM",,,,,,
35049,326,"Santa Fe, NM",,,,,,
36001,67,"Albany-Schenectady, NY",,,,,,
36005,1,"New York-Newark, NY-NJ-CT",,,,,,
36007,210,"Binghamton, NY-PA",,,,,,
36015,407,"Elmira, NY",,,,,,
36027,1,"New York-Newark, NY-NJ-CT",89,"Poughkeepsie-Newburgh, NY-NJ",,,,
36029,46,"Buffalo, NY",,,,,,
36047,1,"New York-Newark, NY-NJ-CT",,,,,,
36055,60,"Rochester, NY",,,,,,
36059,1,"New York-Newark, NY-NJ-CT",,,,,,
36061,1,"New York-Newark, NY-NJ-CT",,,,,,
36063,46,"Buffalo, NY",,,,,,
36067,90,"Syracuse, NY",,,,,,
36071,89,"Poughkeepsie-Newburgh, NY-NJ",,,,,,
36079,201,"Danbury, CT-NY",,,,,,
36081,1,"New York-Newark, NY-NJ-CT",,,,,,
36083,67,"Albany-Schenectady, NY",,,,,,
36085,1,"New York-Newark, NY-NJ-CT",,,,,,
36087,1,"New York-Newark, NY-NJ-CT",,,,,,
36091,67,"Albany-Schenectady, NY",,,,,,
36093,67,"Albany-Schenectady, NY",,,,,,
36103,1,"New York-Newark, NY-NJ-CT",,,,,,
36107,210,"Binghamton, NY-PA",,,,,,
36109,473,"Ithaca, NY",,,,,,
36111,457,"Kingston, NY",,,,,,
36115,419,"Glens Falls, NY",,,,,,
36119,1,"New York-Newark, NY-NJ-CT",,,,,,
37001,261,"Burlington, NC",,,,,,
37003,170,"Hickory, NC",,,,,,
37021,133,"Asheville, NC",,,,,,
37023,170,"Hickory, NC",,,,,,
37025,38,"Charlotte, NC-SC",,,,,,
37027,170,"Hickory, NC",,,,,,
37035,38,"Charlotte, NC-SC",,,,,,
37037,110,"Durham, NC",,,,,,
37049,495,"New Bern, NC",,,,,,
37051,122,"Fayetteville, NC",,,,,,
37057,167,"Concord, NC",,,,,,
37063,110,"Durham, NC",,,,,,
37065,406,"Rocky Mount, NC",,,,,,
37067,202,"High Point, NC",,,,,,
37071,38,"Charlotte, NC-SC",200,"Gastonia, NC-SC",,,,
37081,261,"Burlington, NC",120,"Greensboro, NC",,,,
37087,133,"Asheville, NC",,,,,,
37089,133,"Asheville, NC",,,,,,
37093,122,"Fayetteville, NC",,,,,,
37097,38,"Charlotte, NC-SC",,,,,,
37109,38,"Charlotte, NC-SC",,,,,,
37111,133,"Asheville, NC",,,,,,
37115,133,"Asheville, NC",,,,,,
37119,38,"Charlotte, NC-SC",,,,,,
37127,406,"Rocky Mount, NC",,,,,,
37129,161,"Wilmington, NC",,,,,,
37133,294,"Jacksonville, NC",,,,,,
37135,261,"Burlington, NC",,,,,,
37147,266,"Greenville, NC",,,,,,
37159,167,"Concord, NC",,,,,,
37175,133,"Asheville, NC",,,,,,
37179,38,"Charlotte, NC-SC",,,,,,
37183,110,"Durham, NC",50,"Raleigh, NC",,,,
37191,442,"Goldsboro, NC",,,,,,
37195,406,"Rocky Mount, NC",,,,,,
38015,349,"Bismarck, ND",,,,,,
38017,194,"Fargo, ND-MN",,,,,,
38035,440,"Grand Forks, ND-MN",,,,,,
38059,349,"Bismarck, ND",,,,,,
39011,381,"Lima, OH",,,,,,
39017,30,"Cincinnati, OH-KY-IN",193,"Hamilton, OH",308,"Middletown, OH",,
39023,59,"Dayton, OH",,,,,,
39035,25,"Cleveland, OH",,,,,,
39041,36,"Columbus, OH",,,,,,
39043,191,"Lorain-Elyria, OH",,,,,,
39049,36,"Columbus, OH",337,"Springfield, OH",,,,
39061,30,"Cincinnati, OH-KY-IN",,,,,,
39081,389,"Weirton-Steubenville, WV-OH-PA",,,,,,
39085,25,"Cleveland, OH",,,,,,
39087,178,"Huntington, WV-KY-OH",,,,,,
39089,36,"Columbus, OH",369,"Newark, OH",,,,
39093,25,"Cleveland, OH",,,,,,
39095,80,"Toledo, OH-MI",,,,,,
39097,36,"Columbus, OH",,,,,,
39103,71,"Akron, OH",,,,,,
39113,59,"Dayton, OH",,,,,,
39133,71,"Akron, OH",,,,,,
39145,372,"Mansfield, OH",,,,,,
39151,71,"Akron, OH",135,"Canton, OH",,,,
39153,71,"Akron, OH",,,,,,
39159,36,"Columbus, OH",,,,,,
39169,71,"Akron, OH",411,"Parkersburg, WV-OH",,,,
40025,296,"Norman, OK",,,,,,
40027,312,"Lawton, OK",,,,,,
40079,257,"Fort Smith, AR-OK",,,,,,
40109,51,"Oklahoma City, OK",,,,,,
40135,257,"Fort Smith, AR-OK",,,,,,
40145,62,"Tulsa, OK",,,,,,
41003,459,"Albany, OR",,,,,,
41005,436,"Corvallis, OR",,,,,,
41009,431,"Longview, WA-OR",,,,,,
41017,344,"Bend, OR",,,,,,
41029,494,"Grants Pass, OR",213,"Medford, OR",,,,
41033,494,"Grants Pass, OR",,,,,,
41039,151,"Eugene, OR",,,,,,
41043,459,"Albany, OR",,,,,,
41047,459,"Albany, OR",156,"Salem, OR",,,,
41051,24,"Portland, OR-WA",,,,,,
41067,24,"Portland, OR-WA",,,,,,
42003,27,"Pittsburgh, PA",,,,,,
42011,61,"Allentown, PA-NJ",140,"Reading, PA",,,,
42013,359,"Altoona, PA",,,,,,
42017,61,"Allentown, PA-NJ",,,,,,
42025,61,"Allentown, PA-NJ",,,,,,
42027,335,"State College, PA",,,,,,
42041,86,"Harrisburg, PA",,,,,,
42043,86,"Harrisburg, PA",,,,,,
42045,5,"Philadelphia, PA-NJ-DE-MD",,,,,,
42049,183,"Erie, PA",,,,,,
42071,91,"Lancaster, PA",,,,,,
42075,86,"Harrisburg, PA",366,"Lebanon, PA",,,,
42077,61,"Allentown, PA-NJ",,,,,,
42079,460,"Hazleton, PA",,,,,,
42089,61,"Allentown, PA-NJ",472,"East Stroudsburg, PA-NJ",,,,
42091,5,"Philadelphia, PA-NJ-DE-MD",287,"Pottstown, PA",,,,
42095,61,"Allentown, PA-NJ",,,,,,
42099,86,"Harrisburg, PA",,,,,,
42101,5,"Philadelphia, PA-NJ-DE-MD",,,,,,
42111,400,"Johnstown, PA",,,,,,
42115,210,"Binghamton, NY-PA",,,,,,
42129,417,"Monessen-California, PA",,,,,,
42131,99,"Scranton, PA",,,,,,
44001,39,"Providence, RI-MA",,,,,,
44003,39,"Providence, RI-MA",,,,,,
44005,174,"Norwich-New London, CT-RI",39,"Providence, RI-MA",,,,
44007,10,"Boston, MA-NH-RI",,,,,,
45003,98,"Augusta-Richmond County, GA-SC",,,,,,
45007,370,"Anderson, SC",,,,,,
45015,76,"Charleston-North Charleston, SC",401,"Hilton Head Island, SC",,,,
45019,76,"Charleston-North Charleston, SC",,,,,,
45031,325,"Florence, SC",,,,,,
45035,76,"Charleston-North Charleston, SC",,,,,,
45037,98,"Augusta-Richmond County, GA-SC",,,,,,
45039,75,"Columbia, SC",,,,,,
45041,325,"Florence, SC",,,,,,
45045,93,"Greenville, SC",,,,,,
45051,166,"Myrtle Beach-Socastee, SC-NC",,,,,,
45057,38,"Charlotte, NC-SC",,,,,,
45071,75,"Columbia, SC",,,,,,
45077,93,"Greenville, SC",,,,,,
45079,75,"Columbia, SC",,,,,,
45083,192,"Spartanburg, SC",,,,,,
45085,380,"Sumter, SC",,,,,,
45091,38,"Charlotte, NC-SC",200,"Gastonia, NC-SC",295,"Rock Hill, SC",,
46103,352,"Rapid City, SD",212,"Sioux Falls, SD",,,,
46127,292,"Sioux City, IA-NE-SD",,,,,,
47001,74,"Knoxville, TN",,,,,,
47009,74,"Knoxville, TN",,,,,,
47011,414,"Cleveland, TN",,,,,,
47019,259,"Johnson City, TN",,,,,,
47037,44,"Nashville-Davidson, TN",,,,,,
47063,449,"Morristown, TN",,,,,,
47065,100,"Chattanooga, TN-GA",,,,,,
47073,291,"Kingsport, TN-VA",,,,,,
47093,74,"Knoxville, TN",,,,,,
47105,74,"Knoxville, TN",,,,,,
47109,385,"Jackson, TN",,,,,,
47125,208,"Clarksville, TN-KY",,,,,,
47129,74,"Knoxville, TN",,,,,,
47147,44,"Nashville-Davidson, TN",,,,,,
47149,241,"Murfreesboro, TN",,,,,,
47153,100,"Chattanooga, TN-GA",,,,,,
47155,74,"Knoxville, TN",,,,,,
47163,397,"Bristol-Bristol, TN-VA",,,,,,
47165,44,"Nashville-Davidson, TN",,,,,,
47179,259,"Johnson City, TN",,,,,,
48009,301,"Wichita Falls, TX",,,,,,
48021,479,"San Marcos, TX",323,"Temple, TX",,,,
48039,302,"Longview, TX",293,"Texas City, TX",,,,
48041,197,"College Station-Bryan, TX",,,,,,
48051,365,"Texarkana-Texarkana, TX-AR",,,,,,
48055,37,"Austin, TX",,,,,,
48061,164,"Brownsville, TX",,,,,,
48071,7,"Houston, TX",,,,,,
48079,155,"Lubbock, TX",,,,,,
48085,104,"Denton-Lewisville, TX",198,"McKinney, TX",,,,
48113,6,"Dallas-Fort Worth-Arlington, TX",,,,,,
48135,252,"Odessa, TX",,,,,,
48139,6,"Dallas-Fort Worth-Arlington, TX",,,,,,
48141,53,"El Paso, TX-NM",,,,,,
48157,7,"Houston, TX",,,,,,
48167,602,"Galveston, TX",,,,,,
48187,26,"San Antonio, TX",,,,,,
48189,215,"Port Arthur, TX",,,,,,
48199,222,"Beaumont, TX",,,,,,
48201,7,"Houston, TX",,,,,,
48209,37,"Austin, TX",,,,,,
48215,57,"McAllen, TX",,,,,,
48245,222,"Beaumont, TX",,,,,,
48257,6,"Dallas-Fort Worth-Arlington, TX",,,,,,
48281,163,"Killeen, TX",,,,,,
48303,282,"Abilene, TX",,,,,,
48339,154,"Conroe-The Woodlands, TX",,,,,,
48361,222,"Beaumont, TX",,,,,,
48375,182,"Amarillo, TX",,,,,,
48381,182,"Amarillo, TX",,,,,,
48397,6,"Dallas-Fort Worth-Arlington, TX",,,,,,
48409,116,"Corpus Christi, TX",247,"Tyler, TX",,,,
48439,6,"Dallas-Fort Worth-Arlington, TX",,,,,,
48451,315,"San Angelo, TX",,,,,,
48453,37,"Austin, TX",,,,,,
48479,157,"Laredo, TX",,,,,,
48491,37,"Austin, TX",,,,,,
49005,311,"Logan, UT",,,,,,
49035,42,"Salt Lake City-West Valley City, UT",,,,,,
49049,305,"St. George, UT",,,,,,
50007,285,"Burlington, VT",,,,,,
51003,317,"Charlottesville, VA",,,,,,
51009,271,"Lynchburg, VA",,,,,,
51013,8,"Washington, DC-VA-MD",,,,,,
51041,45,"Richmond, VA",,,,,,
51053,45,"Richmond, VA",,,,,,
51059,8,"Washington, DC-VA-MD",,,,,,
51069,398,"Winchester, VA",,,,,,
51075,45,"Richmond, VA",,,,,,
51085,45,"Richmond, VA",,,,,,
51087,45,"Richmond, VA",,,,,,
51095,34,"Virginia Beach, VA",,,,,,
51121,328,"Blacksburg, VA",,,,,,
51145,45,"Richmond, VA",,,,,,
51149,45,"Richmond, VA",,,,,,
51153,8,"Washington, DC-VA-MD",,,,,,
51155,328,"Blacksburg, VA",,,,,,
51161,172,"Roanoke, VA",,,,,,
51169,291,"Kingsport, TN-VA",,,,,,
51177,231,"Fredericksburg, VA",,,,,,
51179,231,"Fredericksburg, VA",,,,,,
51191,397,"Bristol-Bristol, TN-VA",,,,,,
51199,34,"Virginia Beach, VA",,,,,,
51510,8,"Washington, DC-VA-MD",,,,,,
51520,397,"Bristol-Bristol, TN-VA",,,,,,
51540,317,"Charlottesville, VA",,,,,,
51550,34,"Virginia Beach, VA",,,,,,
51570,45,"Richmond, VA",,,,,,
51600,8,"Washington, DC-VA-MD",,,,,,
51610,8,"Washington, DC-VA-MD",,,,,,
51630,231,"Fredericksburg, VA",,,,,,
51650,34,"Virginia Beach, VA",,,,,,
51660,413,"Harrisonburg, VA",,,,,,
51670,45,"Richmond, VA",,,,,,
51680,271,"Lynchburg, VA",,,,,,
51683,8,"Washington, DC-VA-MD",,,,,,
51685,8,"Washington, DC-VA-MD",,,,,,
51700,34,"Virginia Beach, VA",,,,,,
51710,34,"Virginia Beach, VA",,,,,,
51730,45,"Richmond, VA",,,,,,
51735,34,"Virginia Beach, VA",,,,,,
51740,34,"Virginia Beach, VA",,,,,,
51750,328,"Blacksburg, VA",,,,,,
51760,45,"Richmond, VA",,,,,,
51770,172,"Roanoke, VA",,,,,,
51775,172,"Roanoke, VA",,,,,,
51790,461,"Staunton-Waynesboro, VA",,,,,,
51800,34,"Virginia Beach, VA",,,,,,
51810,34,"Virginia Beach, VA",,,,,,
51820,461,"Staunton-Waynesboro, VA",,,,,,
51830,371,"Williamsburg, VA",,,,,,
51840,398,"Winchester, VA",,,,,,
53003,483,"Lewiston, ID-WA",,,,,,
53017,412,"Wenatchee, WA",,,,,,
53033,14,"Seattle, WA",,,,,,
53035,180,"Bremerton, WA",,,,,,
53057,435,"Mount Vernon, WA",,,,,,
53063,96,"Spokane, WA",,,,,,
53067,195,"Olympia-Lacey, WA",,,,,,
53071,171,"Kennewick-Pasco, WA",,,,,,
53073,275,"Bellingham, WA",,,,,,
54003,189,"Hagerstown, MD-WV-PA",,,,,,
54009,389,"Weirton-Steubenville, WV-OH-PA",,,,,,
54011,178,"Huntington, WV-KY-OH",,,,,,
54019,430,"Beckley, WV",,,,,,
54039,214,"Charleston, WV",,,,,,
54051,353,"Wheeling, WV-OH",,,,,,
54057,484,"Cumberland, MD-WV-PA",,,,,,
54069,353,"Wheeling, WV-OH",,,,,,
54073,393,"Morgantown, WV",,,,,,
54077,411,"Parkersburg, WV-OH",,,,,,
54079,214,"Charleston, WV",,,,,,
54081,430,"Beckley, WV",,,,,,
54099,178,"Huntington, WV-KY-OH",,,,,,
55009,176,"Green Bay, WI",,,,,,
55015,165,"Appleton, WI",,,,,,
55025,92,"Madison, WI",,,,,,
55031,260,"Duluth, MN-WI",,,,,,
55035,297,"Eau Claire, WI",,,,,,
55039,468,"Fond du Lac, WI",,,,,,
55059,256,"Kenosha, WI-IL",,,,,,
55063,298,"La Crosse, WI-MN",,,,,,
55071,388,"Sheboygan, WI",,,,,,
55079,35,"Milwaukee, WI",,,,,,
55083,176,"Green Bay, WI",,,,,,
55087,165,"Appleton, WI",,,,,,
55089,35,"Milwaukee, WI",376,"Oshkosh, WI",,,,
55101,239,"Racine, WI",,,,,,
55105,432,"Beloit, WI-IL",,,,,,
55111,396,"Janesville, WI",,,,,,
55123,298,"La Crosse, WI-MN",,,,,,
55131,35,"Milwaukee, WI",,,,,,
55133,35,"Milwaukee, WI",,,,,,
55139,165,"Appleton, WI",,,,,,
56021,377,"Cheyenne, WY",,,,,,
56025,424,"Casper, WY",,,,,,
72013,232,"Arecibo, PR",,,,,,
72015,358,"Guayama, PR",,,,,,
72017,232,"Arecibo, PR",,,,,,
72023,284,"Mayagüez, PR",,,,,,
72053,339,"Fajardo, PR",,,,,,
72054,387,"Florida-Imbéry-Barceloneta, PR",,,,,,
72057,358,"Guayama, PR",,,,,,
72059,218,"Ponce, PR",,,,,,
72067,284,"Mayagüez, PR",,,,,,
72089,339,"Fajardo, PR",,,,,,
72091,387,"Florida-Imbéry-Barceloneta, PR",,,,,,
72097,284,"Mayagüez, PR",,,,,,
72103,339,"Fajardo, PR",,,,,,
72109,358,"Guayama, PR",,,,,,
72111,218,"Ponce, PR",,,,,,
72125,284,"Mayagüez, PR",,,,,,
